{
    "n_adjusted_apps": [
        10,
        10,
        0,
        10,
        10,
        0,
        10,
        10,
        0,
        0,
        10,
        10,
        0,
        10,
        10,
        0,
        10,
        0,
        10,
        0,
        10,
        10,
        0,
        0,
        0,
        0,
        10,
        10,
        0,
        0,
        0,
        0,
        10,
        0,
        10,
        0,
        10,
        0,
        0,
        10,
        0,
        10,
        0,
        10,
        10,
        0,
        10,
        0,
        10,
        0,
        10,
        0,
        0,
        10,
        0,
        0,
        0,
        0,
        10,
        10,
        0,
        0,
        0,
        0,
        10,
        0,
        10,
        0,
        0,
        10,
        0,
        0,
        0,
        0,
        10
    ],
    "flex": [
        2.99841,
        2.60653,
        2.60653,
        3.13061,
        3.30375,
        3.30375,
        3.06728,
        2.74101,
        2.74101,
        2.74101,
        2.53805,
        2.41225,
        2.41225,
        3.16523,
        2.83021,
        2.83021,
        2.8941,
        2.8941,
        3.02048,
        3.02048,
        2.8757,
        2.7916,
        2.7916,
        2.7916,
        2.7916,
        2.7916,
        2.77126,
        2.52534,
        2.52534,
        2.52534,
        2.52534,
        2.52534,
        3.14081,
        3.14081,
        2.90739,
        2.90739,
        2.91619,
        2.91619,
        2.91619,
        2.77093,
        2.77093,
        2.95651,
        2.95651,
        2.78019,
        2.4603,
        2.4603,
        2.71579,
        2.71579,
        2.92938,
        2.92938,
        2.91479,
        2.91479,
        2.91479,
        3.03855,
        3.03855,
        3.03855,
        3.03855,
        3.03855,
        2.97344,
        3.11769,
        3.11769,
        3.11769,
        3.11769,
        3.11769,
        2.46993,
        2.46993,
        3.03684,
        3.03684,
        3.03684,
        2.51181,
        2.51181,
        2.51181,
        2.51181,
        2.51181,
        2.34616
    ],
    "time": [
        0.543182373046875,
        0.572136640548706,
        0,
        0.6058063507080078,
        0.5812702178955078,
        0,
        0.6145155429840088,
        0.5803263187408447,
        0,
        0,
        0.560276985168457,
        0.5765681266784668,
        0,
        0.5817286968231201,
        0.5760879516601562,
        0,
        0.5855107307434082,
        0,
        0.6134846210479736,
        0,
        0.5597491264343262,
        0.5611951351165771,
        0,
        0,
        0,
        0,
        0.5880119800567627,
        0.5883889198303223,
        0,
        0,
        0,
        0,
        0.6088790893554688,
        0,
        0.6447110176086426,
        0,
        0.5684762001037598,
        0,
        0,
        0.604116678237915,
        0,
        0.6097397804260254,
        0,
        0.6157588958740234,
        0.6057839393615723,
        0,
        0.6118571758270264,
        0,
        0.6197271347045898,
        0,
        0.8288350105285645,
        0,
        0,
        0.7780773639678955,
        0,
        0,
        0,
        0,
        0.6952569484710693,
        0.8833503723144531,
        0,
        0,
        0,
        0,
        0.8769469261169434,
        0,
        0.7955875396728516,
        0,
        0,
        1.0694999694824219,
        0,
        0,
        0,
        0,
        0.7824742794036865
    ],
    "xAxis": [
        0,
        1,
        2,
        3,
        4,
        5,
        6,
        7,
        8,
        9,
        10,
        11,
        12,
        13,
        14,
        15,
        16,
        17,
        18,
        19,
        20,
        21,
        22,
        23,
        24,
        25,
        26,
        27,
        28,
        29,
        30,
        31,
        32,
        33,
        34,
        35,
        36,
        37,
        38,
        39,
        40,
        41,
        42,
        43,
        44,
        45,
        46,
        47,
        48,
        49,
        50,
        51,
        52,
        53,
        54,
        55,
        56,
        57,
        58,
        59,
        60,
        61,
        62,
        63,
        64,
        65,
        66,
        67,
        68,
        69,
        70,
        71,
        72,
        73,
        74
    ]
}