{
    "n_adjusted_apps": [
        10,
        3,
        0,
        5,
        5,
        0,
        10,
        3,
        0,
        0,
        2,
        10,
        0,
        10,
        4,
        0,
        0,
        0,
        4,
        0,
        10,
        5,
        0,
        0,
        0,
        0,
        10,
        10,
        0,
        0,
        0,
        0,
        3,
        1,
        5,
        0,
        3,
        0,
        0,
        10,
        0,
        4,
        0,
        10,
        10,
        0,
        10,
        0,
        10,
        0,
        4,
        0,
        0,
        4,
        0,
        0,
        0,
        10,
        7,
        10,
        0,
        0,
        0,
        0,
        2,
        0,
        10,
        0,
        0,
        4,
        0,
        0,
        0,
        0,
        10,
        4,
        0
    ],
    "flex": [
        2.99841,
        2.8501411377272063,
        2.8501411377272063,
        2.2986372055059885,
        1.8990027380150407,
        1.8990027380150407,
        3.06728,
        3.06728,
        3.06728,
        3.06728,
        3.0278293962774168,
        2.41225,
        2.41225,
        3.16523,
        2.908194883654593,
        2.908194883654593,
        2.908194883654593,
        2.908194883654593,
        2.768995774803377,
        2.768995774803377,
        2.8757,
        2.607629943637672,
        2.607629943637672,
        2.607629943637672,
        2.607629943637672,
        2.607629943637672,
        2.77126,
        2.52534,
        2.52534,
        2.52534,
        2.52534,
        2.52534,
        2.5061027125032367,
        2.5061027125032367,
        2.3328856811360006,
        2.3328856811360006,
        2.3328856811360006,
        2.3328856811360006,
        2.3328856811360006,
        2.77093,
        2.77093,
        2.77093,
        2.77093,
        2.78019,
        2.4603,
        2.4603,
        2.71579,
        2.71579,
        2.92938,
        2.92938,
        2.9051004560306994,
        2.9051004560306994,
        2.9051004560306994,
        2.8313329253083634,
        2.8313329253083634,
        2.8313329253083634,
        2.8313329253083634,
        2.96201,
        2.722689778499972,
        3.11769,
        3.11769,
        3.11769,
        3.11769,
        3.11769,
        3.0466187776539115,
        3.0466187776539115,
        3.03684,
        3.03684,
        3.03684,
        2.663890262712245,
        2.663890262712245,
        2.663890262712245,
        2.663890262712245,
        2.663890262712245,
        2.34616,
        2.237080647321526,
        2.237080647321526
    ],
    "time": [
        0.5731873512268066,
        0.025559663772583008,
        0,
        0.02359795570373535,
        0.03455758094787598,
        0,
        0.5936827659606934,
        0.02065110206604004,
        0,
        0,
        0.021033525466918945,
        0.557342529296875,
        0,
        0.5887496471405029,
        0.024035215377807617,
        0,
        0,
        0,
        0.02355504035949707,
        0,
        0.5561697483062744,
        0.020201921463012695,
        0,
        0,
        0,
        0,
        0.5914087295532227,
        0.5556719303131104,
        0,
        0,
        0,
        0,
        0.021571874618530273,
        0.02405405044555664,
        0.022069215774536133,
        0,
        0.025035619735717773,
        0,
        0,
        0.5956099033355713,
        0,
        0.024188518524169922,
        0,
        0.5511722564697266,
        0.564765453338623,
        0,
        0.5867085456848145,
        0,
        0.5544772148132324,
        0,
        0.021558523178100586,
        0,
        0,
        0.02055954933166504,
        0,
        0,
        0,
        0.5612776279449463,
        0.020052671432495117,
        0.5647332668304443,
        0,
        0,
        0,
        0,
        0.021030902862548828,
        0,
        0.6037542819976807,
        0,
        0,
        0.02203965187072754,
        0,
        0,
        0,
        0,
        0.6105432510375977,
        0.02253437042236328,
        0
    ],
    "xAxis": [
        0,
        1,
        2,
        3,
        4,
        5,
        6,
        7,
        8,
        9,
        10,
        11,
        12,
        13,
        14,
        15,
        16,
        17,
        18,
        19,
        20,
        21,
        22,
        23,
        24,
        25,
        26,
        27,
        28,
        29,
        30,
        31,
        32,
        33,
        34,
        35,
        36,
        37,
        38,
        39,
        40,
        41,
        42,
        43,
        44,
        45,
        46,
        47,
        48,
        49,
        50,
        51,
        52,
        53,
        54,
        55,
        56,
        57,
        58,
        59,
        60,
        61,
        62,
        63,
        64,
        65,
        66,
        67,
        68,
        69,
        70,
        71,
        72,
        73,
        74,
        75,
        76
    ]
}